<OSC>
    <PUERTOOUT>12345</PUERTOOUT>
    <PUERTOIN>12346</PUERTOIN>
    <HOST>127.0.0.1</HOST>
    <ETIQUETA>
        <TOTALFLOW>/bflow/totalFlow</TOTALFLOW>
        <AVERAGEFLOW>/bflow/averageFlow</AVERAGEFLOW>
        <TOTALFLOWINREGION>/bflow/totalFlowInRegion</TOTALFLOWINREGION>
        <AVERAGEFLOWINREGION>/bflow/averageFlowInRegion</AVERAGEFLOWINREGION>
        <TOREGION>/toBflow/flowInRegion</TOREGION>
        <TOPOSITION>/toBflow/flowInPosition</TOPOSITION>
        <FROMREGION>/fromBflow/flowInRegion</FROMREGION>
        <FROMPOSITION>/fromBflow/flowInPosition</FROMPOSITION>
    </ETIQUETA>
    <ENVIARTOTALFLOW>1</ENVIARTOTALFLOW>
    <ENVIARAVERAGEFLOW>1</ENVIARAVERAGEFLOW>
    <ENVIARTOTALFLOWINREGION>1</ENVIARTOTALFLOWINREGION>
    <ENVIARAVERAGEFLOWINREGION>1</ENVIARAVERAGEFLOWINREGION>
    <ENVIARFLOWINREGION>1</ENVIARFLOWINREGION>
    <ENVIARFLOWINPOSITION>1</ENVIARFLOWINPOSITION>
</OSC>
<CAM>
    <DEVICEID>0</DEVICEID>
    <HMIRROR>1</HMIRROR>
    <VMIRROR>0</VMIRROR>
    <WARPING>
        <PASO>27</PASO>
        <AX>0.000000000</AX>
        <Ay>0.000000000</Ay>
        <BX>640.000000000</BX>
        <BY>0.000000000</BY>
        <CX>640.000000000</CX>
        <CY>480.000000000</CY>
        <DX>0.000000000</DX>
        <DY>480.000000000</DY>
    </WARPING>
</CAM>
<FLOW>
    <PYRSCALE>0.500000000</PYRSCALE>
    <POLYSIGMA>1.500000000</POLYSIGMA>
    <LEVELS>4</LEVELS>
    <ITERATIONS>2</ITERATIONS>
    <POLYN>7</POLYN>
    <WINSIZE>32</WINSIZE>
    <GAUSSIAN>0</GAUSSIAN>
</FLOW>
